,Brand,Model,Variant,Year,driven kilometers,fuel,Transmission,number of owners,location,Price
0,Mah,Logan ,Others,2010,127000.0 KM,DIESEL,MANUAL,1st, Jaysingpur,"2,50,000"
1,Hyundai ,Santro X,,2007,45000.0 KM,PETROL,MANUAL,2nd, Coimbatore,"2,10,000"
2,Ford ,Ecosport ,1.5 Diesel Trend,2015,20 KM,DIESEL,MANUAL,2nd, Wardha,"6,51,000"
3,Maruti Suzuki ,Alto K10 ,VXI Airbag,2016,58734 KM,PETROL,MANUAL,First, Bengaluru,"3,30,000"
4,Maruti Suzuki ,Swift Dzire Tour ,LDI,2018,61000.0 KM,DIESEL,MANUAL,1st, Visakhapatnam,"6,20,000"
5,Jaguar ,XJ ,L 3.0 V6 Portfolio,2018,16000.0 KM,DIESEL,AUTOMATIC,1st, Ahmedabad,"65,00,000"
6,Hyundai ,Verna ,CRDi 1.6 SX,2017,"77,000 KM",DIESEL,MANUAL,1st, Guntur,"10,75,000"
7,Maruti Suzuki ,Alto K10 ,LXI,2013,"65,000 KM",PETROL,MANUAL,2nd, Srinagar,"1,85,000"
8,Hyundai ,Xcent ,1.2 VTVT S,2017,80000.0 KM,PETROL,MANUAL,1st, Rajkot,"4,95,000"
9,Honda ,City ,2008-2011 1.5 V MT,2010,59000.0 KM,PETROL,MANUAL,1st, Pune,"3,49,999"
10,Hyundai ,Elite i20 ,Sportz 1.2 Special Edition,2017,14500.0 KM,PETROL,MANUAL,1st, Navi Mumbai,"5,97,000"
11,Audi ,A4 ,2.0 TDI,2013,95000.0 KM,DIESEL,AUTOMATIC,3rd, Delhi,"9,50,000"
12,Ford ,Ecosport ,1.5 Petrol Titanium,2014,25265.0 KM,PETROL,MANUAL,1st, Mumbai,"5,75,000"
13,Skoda ,Rapid ,1.5 TDI Ambition,2012,105000.0 KM,DIESEL,MANUAL,2nd, Visakhapatnam,"3,80,000"
14,Maruti Suzuki ,Ertiga ,VXI AT Petrol,2017,45653.0 KM,PETROL,AUTOMATIC,1st, Mumbai,"7,70,000"
15,Skoda ,Laura ,Ambition 2.0 TDI CR MT,2008,159979.0 KM,DIESEL,MANUAL,3rd, Jaipur,"3,25,000"
16,Audi ,Q3 ,2.0 TDI Quattro,2013,78500.0 KM,DIESEL,AUTOMATIC,1st, Anand,"13,75,000"
17,Volkswagen ,Vento ,1.6 Highline,2011,121000.0 KM,DIESEL,MANUAL,--, Visakhapatnam,"3,50,000"
18,Renault ,Duster ,,2016,31006.0 KM,PETROL,MANUAL,--, Pune,"6,00,000"
19,Maruti Suzuki ,Celerio ,2014-2017 ZXI Optional,2016,39734 KM,PETROL,MANUAL,Second, Thane,"3,70,000"
20,Mah,Bolero ,2001-2010 DI,2003,"175,000 KM",DIESEL,MANUAL,2nd, Dharwad,"3,25,000"
21,Honda ,City ,i-VTEC VX,2017,71000.0 KM,PETROL,MANUAL,1st, Mumbai,"9,00,000"
22,-,-,-,-,-,-,-,-,-,-
23,Nissan ,Terrano ,XL P,2016,34812.0 KM,PETROL,MANUAL,1st, Mumbai,"5,85,000"
24,Tata ,Others ,,2012,"140,000 KM",DIESEL,MANUAL,2nd, Coimbatore,"2,40,000"
25,Tata ,Manza ,Aura (ABS) Safire,2010,66000.0 KM,PETROL,MANUAL,1st, Thane,"1,75,000"
26,Ford ,Ecosport ,1.0 Ecoboost Titanium Plus,2015,"48,000 KM",PETROL,AUTOMATIC,1st, Roing,"4,50,000"
27,Renault ,Duster ,Petrol RXS CVT,2017,48000.0 KM,PETROL,AUTOMATIC,1st, Chennai,"8,90,000"
28,Hyundai ,i10 ,Magna,2012,40000.0 KM,PETROL,MANUAL,1st, Mumbai,"2,95,000"
29,Toyota ,Etios ,1.5 V,2012,59000.0 KM,PETROL,MANUAL,1st, Pune,"3,25,000"
30,Toyota ,Qualis ,GS G4,2004,120000.0 KM,DIESEL,MANUAL,3rd, Bengaluru,"2,85,000"
31,Hyundai ,Elite i20 ,Magna 1.2,2015,41000.0 KM,PETROL,MANUAL,2nd, Kolkata,"4,20,000"
32,Maruti Suzuki ,Wagon R Duo ,Others,2008,"49,452 KM",PETROL,MANUAL,3rd, Aurangabad,"1,50,000"
33,Nissan ,Sunny ,XL,2013,"63,000 KM",PETROL,MANUAL,2nd, Karimnagar,"3,65,000"
34,Hyundai ,Xcent ,,2015,58087.0 KM,PETROL,MANUAL,--, Kolkata,"3,70,000"
35,Hyundai ,i20 ,1.2 Asta Option,2014,34000.0 KM,PETROL,MANUAL,1st, Pune,"4,60,000"
36,Maruti Suzuki ,Alto K10 ,2010-2014 LXI,2010,97924 KM,PETROL,MANUAL,First, Pune,"1,40,000"
37,Maruti Suzuki ,Wagon R ,1999-2006 LXI BSIII,2006,111725 KM,PETROL,MANUAL,Second, Hyderabad,"1,40,000"
38,Maruti Suzuki ,Alto 800 ,2012-2016 LX Optional,2014,"63,000 KM",PETROL,MANUAL,2nd, Ghaziabad,"1,80,000"
39,Honda ,Amaze ,1.2 SMT I VTEC,2013,46000.0 KM,PETROL,MANUAL,1st, Hyderabad,"4,45,000"
40,Hyundai ,Getz ,GVS,2007,"98,020 KM",CNG & HYBRIDS,AUTOMATIC,3rd, Barsi,"1,35,000"
41,Honda ,Jazz ,1.2 SV i VTEC,2017,38000.0 KM,PETROL,MANUAL,2nd, Vasco Da Gama,"4,25,000"
42,Mah,XUV500 ,2011-2015 W8 2WD,2013,62000.0 KM,DIESEL,MANUAL,1st, Delhi,"6,15,000"
43,Honda ,City ,i-VTEC S,2017,63000.0 KM,PETROL,MANUAL,1st, Ghaziabad,"7,59,999"
44,Chevrolet ,Beat ,2010-2013 PS,2013,28000.0 KM,CNG & HYBRIDS,MANUAL,1st, Thane,"2,45,000"
45,Hyundai ,Venue ,S Turbo,2019,10167 KM,PETROL,AUTOMATIC,First, Navi Mumbai,"11,75,000"
46,Tata ,Indigo Ecs ,eCS LS CR4 BS-IV,2014,63000.0 KM,DIESEL,MANUAL,1st, Ahmedabad,"2,34,999"
47,Hyundai ,Santro X,GL,2007,"75,000 KM",PETROL,MANUAL,2nd, Varanasi,"85,000"
48,Toyota ,Fortuner ,Others,2018,54000.0 KM,DIESEL,MANUAL,1st, Madurai,"32,00,000"
49,Mah,XUV500 ,W10 2WD,2015,53000.0 KM,DIESEL,MANUAL,1st, Delhi,"10,50,000"
50,Hyundai ,Verna ,2015-2016 1.6 CRDi AT SX,2015,"99,000 KM",DIESEL,AUTOMATIC,2nd, Chandigarh,"5,75,000"
51,Kia ,Seltos ,HTX G,2019,6097.0 KM,PETROL,AUTOMATIC,1st, Hyderabad,"15,60,000"
52,Maruti Suzuki ,Vitara Brezza ,Others,2020,17396.0 KM,PETROL,MANUAL,1st, Thane,"10,25,000"
53,Maruti Suzuki ,Swift Dzire ,Vdi BSIV,2017,110000.0 KM,DIESEL,MANUAL,1st, Karimnagar,"6,95,000"
54,Hyundai ,i10 ,Era 1.1 LPG,2008,"140,000 KM",LPG,MANUAL,3rd, Bhind,"1,50,000"
55,Maruti Suzuki ,Swift Dzire ,VDI,2012,"78,000 KM",DIESEL,AUTOMATIC,2nd, Abohar,"3,60,000"
56,Toyota ,Yaris ,J,2018,16278.0 KM,PETROL,MANUAL,1st, Mumbai,"7,90,000"
57,-,-,-,-,-,-,-,-,-,-
58,Honda ,Accord ,2.4 VTi-L Automatic,2007,75000.0 KM,PETROL,AUTOMATIC,2nd, Hyderabad,"2,45,000"
59,Renault ,Duster ,1.5 Petrol RXL,2015,7646.0 KM,PETROL,MANUAL,1st, Mumbai,"6,99,000"
60,Renault ,Duster ,110PS Diesel RxZ AWD,2012,61000.0 KM,DIESEL,MANUAL,1st, Surat,"4,25,000"
61,Audi ,Q3 ,,2017,8600.0 KM,PETROL,AUTOMATIC,1st, Chennai,"28,50,000"
62,Chevrolet ,Sail ,,2014,32000.0 KM,PETROL,MANUAL,1st, Dehradun,"3,00,000"
63,Tata ,Nexon ,1.2 Revotron XZ Plus,2018,16231.0 KM,PETROL,MANUAL,1st, Bengaluru,"8,99,000"
64,Maruti Suzuki ,Ciaz ,2014-2017 VDi Plus SHVS,2016,28000.0 KM,DIESEL,MANUAL,1st, Delhi,"6,50,000"
65,Mah,Bolero ,SLE,2014,83000.0 KM,DIESEL,MANUAL,1st, Ghaziabad,"4,70,001"
66,Hyundai ,EON ,Era +,2018,40000.0 KM,PETROL,MANUAL,1st, Delhi,"3,25,000"
67,Honda ,Mobilio ,V i-VTEC,2015,43400.0 KM,CNG & HYBRIDS,MANUAL,1st, Mumbai,"5,95,000"
68,Toyota ,Camry ,2002-2011 W3 (MT),2008,55.0 KM,--,--,--, Kochi,"15,000"
69,Mah,Others ,,2020,"7,100 KM",PETROL,MANUAL,1st, Safidon,"3,20,000"
70,Honda ,City ,2014-2015 i DTEC SV,2014,87000.0 KM,DIESEL,MANUAL,1st, Ahmedabad,"5,60,000"
71,Maruti Suzuki ,Alto ,LXi,2010,80000.0 KM,PETROL,MANUAL,2nd, Kochi,"1,55,000"
72,-,-,-,-,-,-,-,-,-,-
73,Tata ,Nano ,2009-2011 Cx BSIII,2011,20375 KM,PETROL,MANUAL,Third, Secunderabad,"83,000"
74,Ford ,Escort ,Sport E 1.6,2015,60000.0 KM,DIESEL,MANUAL,2nd, Nipani,"6,50,000"
75,Toyota ,Etios Liva ,1.4 GD,2012,"73,000 KM",DIESEL,MANUAL,2nd, Kozhikode,"4,20,000"
76,Mah,TUV 300 ,T10,2018,69000.0 KM,DIESEL,MANUAL,1st, Visakhapatnam,"8,50,000"
77,Mah,XUV500 ,2011-2015 W6-2WD,2013,"129,000 KM",DIESEL,MANUAL,2nd, Indore,"6,51,000"
78,-,-,-,-,-,-,-,-,-,-
79,Maruti Suzuki ,Omni ,Cargo BS-III,2014,78222.0 KM,PETROL,MANUAL,1st, Tiruppur,"2,50,000"
80,Ford ,Ecosport ,1.5 Diesel Trend Plus,2017,108628 KM,DIESEL,MANUAL,Second, Chennai,"6,50,000"
81,Honda ,City ,2015-2017 i VTEC SV,2016,38000.0 KM,PETROL,MANUAL,1st, Delhi,"6,70,000"
82,Honda ,City ,i-VTEC S,2018,50563.0 KM,PETROL,MANUAL,1st, Mumbai,"7,75,000"
83,Renault ,KWID ,AMT RXL,2017,33000.0 KM,PETROL,AUTOMATIC,1st, Coimbatore,"3,64,000"
84,Hyundai ,i10 ,Era 1.1 CRDi,2011,70000 KM,PETROL,MANUAL,Second, Dehradun,"1,90,000"
85,Toyota ,Etios Liva ,1.4 GD,2012,85000.0 KM,DIESEL,MANUAL,1st, Ghaziabad,"2,65,000"
86,Kia ,Others ,,2020,7000.0 KM,PETROL,AUTOMATIC,1st, Hyderabad,"10,75,000"
87,Hyundai ,EON ,Era +,2014,14000.0 KM,PETROL,MANUAL,1st, Bengaluru,"3,00,000"
88,Volkswagen ,Polo ,1.0 MPI Highline,2020,"9,950 KM",PETROL,MANUAL,1st, Kottarakkara,"3,00,000"
89,Mah,TUV 300 ,T8,2016,74000.0 KM,DIESEL,MANUAL,1st, Visakhapatnam,"6,80,000"
90,Mercedes-Benz ,S-Class ,S 350 CDIL,2012,73000.0 KM,DIESEL,AUTOMATIC,1st, Thane,"19,50,000"
91,Hyundai ,Verna ,Fluidic 1.6 VTVT SX,2012,88000.0 KM,PETROL,MANUAL,1st, Coimbatore,"4,50,000"
92,Maruti Suzuki ,Alto ,LXi,2010,68253.0 KM,PETROL,MANUAL,1st, Chennai,"2,00,000"
93,Hyundai ,i10 ,1.2 Kappa Magna,2010,72000.0 KM,PETROL,MANUAL,1st, Namakkal,"3,10,000"
94,Ford ,Figo ,2010-2012 Petrol ZXI,2010,38000.0 KM,PETROL,MANUAL,3rd, Nagpur,"2,15,000"
95,Chevrolet ,Spark ,1.0 LS,2012,16000.0 KM,PETROL,MANUAL,1st, Delhi,"1,60,000"
96,Maruti Suzuki ,Ertiga ,2012-2015 ZXI,2015,48000.0 KM,PETROL,MANUAL,1st, Coimbatore,"7,85,000"
97,Hyundai ,Grand i10 ,2013-2016 CRDi Asta Option,2015,67867 KM,DIESEL,MANUAL,First, Hyderabad,"4,50,000"
98,Maruti Suzuki ,Baleno ,Alpha,2015,60000.0 KM,PETROL,MANUAL,1st, Delhi,"5,25,000"
99,Datsun ,Redi Go ,1.0 Limited Edition 2018,2020,2237.0 KM,PETROL,MANUAL,1st, Vijayawada,"5,50,000"
100,Datsun ,GO ,T,2016,40510.0 KM,PETROL,MANUAL,1st, Ahmedabad,"2,30,000"
101,Tata ,Indigo CS ,CS LS TDI,2016,999999 KM,DIESEL,AUTOMATIC,First, Bhopal,"2,20,000"
102,Mah,XUV500 ,W8 2WD,2013,68000.0 KM,DIESEL,MANUAL,1st, Noida,"4,75,000"
103,Toyota ,Innova ,2.5 GX (Diesel) 8 Seater BS IV,2014,86000.0 KM,DIESEL,MANUAL,2nd, Ahmedabad,"6,41,000"
104,Mah,Marazzo ,M6 8Str,2019,37176.0 KM,DIESEL,MANUAL,1st, Mumbai,"10,50,000"
105,Tata ,Indica Vista ,2008-2013 Aura 1.2 Safire (ABS),2010,48965.0 KM,PETROL,MANUAL,1st, Kolkata,"99,000"
106,Maruti Suzuki ,Wagon R ,LXI BS IV,2014,70462 KM,PETROL,MANUAL,Second, Delhi,"2,55,000"
107,Hyundai ,i20 ,Magna 1.4 CRDI 6 Speed,2013,74159.0 KM,DIESEL,MANUAL,1st, Hyderabad,"3,60,000"
108,Maruti Suzuki ,Alto 800 ,2012-2016 LXI,2012,"84,000 KM",PETROL,AUTOMATIC,2nd, Dhar,"2,50,000"
109,Maruti Suzuki ,Alto 800 ,LXI,2016,30000.0 KM,PETROL,MANUAL,1st, Ahmedabad,"2,45,000"
110,Honda ,Accord ,2.3 VTI MT,2007,65000.0 KM,PETROL,MANUAL,2nd, Delhi,"1,50,000"
111,Maruti Suzuki ,Swift ,VDI Optional,2017,52000.0 KM,DIESEL,MANUAL,2nd, Salem,"6,40,000"
112,Mah,Quanto ,C8,2012,86000.0 KM,DIESEL,MANUAL,1st, Mumbai,"3,40,000"
113,Mah,Scorpio ,2002-2013 2.6 LX,2006,163641.0 KM,DIESEL,MANUAL,2nd, Hyderabad,"2,05,000"
114,Maruti Suzuki ,Alto 800 ,LXI,2018,32000.0 KM,PETROL,MANUAL,1st, Kishangarh Ajmer District,"3,05,000"
115,Hyundai ,Grand i10 ,1.2 CRDi Magna,2016,62500.0 KM,DIESEL,MANUAL,2nd, Visakhapatnam,"4,80,000"
116,Honda ,City ,i-DTEC SV,2016,61000.0 KM,DIESEL,MANUAL,1st, Ahmedabad,"6,70,000"
117,Hyundai ,Creta ,1.6 SX Plus,2017,42300.0 KM,PETROL,MANUAL,1st, Mumbai,"9,85,000"
118,Ford ,Figo ,Duratorq ZXI 1.4,2014,64040.0 KM,DIESEL,MANUAL,2nd, Mumbai,"2,30,000"
119,Hyundai ,i20 ,Petrol Asta Dual Tone,2018,9900.0 KM,PETROL,MANUAL,1st, Chennai,"7,00,000"
120,Hyundai ,Verna ,2006-2009 Xi (Petrol),2007,71000.0 KM,PETROL,MANUAL,2nd, Bengaluru,"2,55,000"
121,Renault ,Duster ,2012-2015 85PS Diesel RxE,2015,71000.0 KM,DIESEL,MANUAL,1st, Chandigarh,"4,95,000"
122,Skoda ,Rapid ,Others,2012,96000.0 KM,DIESEL,MANUAL,2nd, Pune,"3,25,000"
123,Ford ,Figo ,2012-2015 Petrol EXI,2014,44000.0 KM,PETROL,MANUAL,1st, Kolkata,"2,35,000"
124,Toyota ,Etios ,1.5 G,2011,118000.0 KM,PETROL,MANUAL,1st, Coimbatore,"3,90,000"
125,Hyundai ,Accent ,CRDi,2005,82000.0 KM,DIESEL,MANUAL,1st, Hyderabad,"1,75,000"
126,Mah,XUV500 ,2011-2015 Xclusive Edition,2015,73000.0 KM,DIESEL,MANUAL,1st, Nashik,"9,50,000"
127,Hyundai ,Grand i10 ,1.2 Kappa Sportz Option,2014,73000.0 KM,PETROL,MANUAL,1st, Chandigarh,"3,95,000"
128,Mercedes-Benz ,GLA Class ,200 Sport,2014,46000.0 KM,PETROL,AUTOMATIC,1st, Delhi,"18,00,000"
129,Hyundai ,EON ,D Lite Plus,2014,40845.0 KM,PETROL,MANUAL,1st, Kollam,"2,45,000"
130,Volkswagen ,Polo ,1.2 MPI Comfortline,2012,37000.0 KM,PETROL,MANUAL,1st, Pune,"2,95,000"
131,Maruti Suzuki ,Swift Dzire ,VDI,2011,56000.0 KM,DIESEL,MANUAL,1st, Kolkata,"2,25,000"
132,Maruti Suzuki ,Celerio ,VXI Optional MT,2016,62000.0 KM,PETROL,MANUAL,1st, Chandigarh,"3,90,000"
133,Honda ,Jazz ,S Manual,2017,16000.0 KM,PETROL,MANUAL,1st, Delhi,"5,50,000"
134,Hyundai ,Others ,,2021,1.0 KM,PETROL,MANUAL,--, Mumbai,"6,73,059"
135,Audi ,A6 ,35 TDI,2016,38000.0 KM,DIESEL,AUTOMATIC,2nd, Bengaluru,"31,00,000"
136,Toyota ,Fortuner ,2.8 2WD MT,2017,22500.0 KM,DIESEL,MANUAL,1st, Mumbai,"28,35,000"
137,Ford ,Ecosport ,1.5 Petrol Titanium Plus AT,2018,8000.0 KM,PETROL,AUTOMATIC,1st, Delhi,"10,40,000"
138,Maruti Suzuki ,Vitara Brezza ,ZDi,2018,24000.0 KM,DIESEL,MANUAL,1st, Kothamangalam,"9,50,000"
139,Mah,Xylo ,H4 BS IV,2011,"130,000 KM",DIESEL,MANUAL,2nd, Mysuru,"2,95,000"
140,-,-,-,-,-,-,-,-,-,-
141,Nissan ,Sunny ,,2012,79099.0 KM,DIESEL,MANUAL,1st, Hyderabad,"4,90,000"
142,Toyota ,Innova ,2.5 G (Diesel) 7-Seater,2013,73000.0 KM,DIESEL,MANUAL,1st, Delhi,"8,80,000"
143,Hyundai ,i20 ,2009-2011 1.4 Magna ABS,2009,140000 KM,DIESEL,MANUAL,Second, Rajkot,"2,60,000"
144,Mercedes-Benz ,New C-Class ,C 220 CDI Avantgarde,2014,55000.0 KM,DIESEL,AUTOMATIC,1st, Delhi,"11,50,000"
145,Hyundai ,Elite i20 ,Sportz 1.4,2016,49220.0 KM,DIESEL,MANUAL,1st, Hyderabad,"6,95,000"
146,Ford ,Ikon ,1.3L Rocam Flair,2009,80000.0 KM,DIESEL,MANUAL,2nd, Thiruvananthapuram,"1,10,000"
147,Maruti Suzuki ,Wagon R ,2006-2010 VXI Minor,2007,61482 KM,PETROL,MANUAL,Second, Indore,"1,89,968"
148,Porsche ,Cayenne ,Others,2015,48000.0 KM,DIESEL,AUTOMATIC,1st, Delhi,"43,00,000"
149,Hyundai ,Verna ,CRDi 1.6 AT SX Plus,2018,44464.0 KM,DIESEL,AUTOMATIC,1st, Mumbai,"10,95,000"
150,Chevrolet ,Enjoy ,1.3 TCDi LT 8,2016,1 KM,DIESEL,MANUAL,1st, Jowai,"1,70,000"
151,Maruti Suzuki ,Ciaz ,Zeta,2018,35000 KM,PETROL,MANUAL,First, Delhi,"7,90,000"
152,Maruti Suzuki ,Ciaz ,Smart Hybrid Zeta,2018,61000.0 KM,DIESEL,MANUAL,1st, Gurgaon,"7,70,000"
153,Maruti Suzuki ,Wagon R Duo ,Others,2008,108000.0 KM,LPG,MANUAL,1st, Pune,"2,10,000"
154,Ford ,Figo Aspire ,1.5 TDCi Titanium Plus,2015,67900.0 KM,DIESEL,MANUAL,1st, Bengaluru,"5,55,000"
155,Tata ,Hexa ,XM Plus,2019,34577 KM,DIESEL,MANUAL,First, Pallapalayam Coimbatore District,"14,50,000"
156,Maruti Suzuki ,Ciaz ,2014-2017 VDi Plus,2015,36000.0 KM,DIESEL,MANUAL,1st, Habra,"4,80,000"
157,Honda ,Civic ,1.8 V AT,2009,62000.0 KM,PETROL,AUTOMATIC,3rd, Mumbai,"1,79,000"
158,Hyundai ,Venue ,SX Plus Turbo DCT,2019,23926 KM,PETROL,AUTOMATIC,Second, Chennai,"10,00,000"
159,Renault ,KWID ,1.0 RXT Optional,2017,33803.0 KM,PETROL,MANUAL,1st, Gurgaon,"2,68,000"
160,Toyota ,Innova Crysta ,2.4 VX MT 8S,2017,60000.0 KM,DIESEL,MANUAL,1st, Kolkata,"14,99,000"
161,Maruti Suzuki ,Ritz ,VDi,2011,65369.0 KM,DIESEL,MANUAL,2nd, Jaipur,"2,65,000"
162,Maruti Suzuki ,Baleno ,Delta,2018,73548.0 KM,DIESEL,MANUAL,1st, Jaipur,"6,80,000"
163,Maruti Suzuki ,Alto ,LXi BS-IV,2007,50000 KM,PETROL,MANUAL,First, Patna,"1,09,999"
164,Hyundai ,Grand i10 ,Magna 1.1 CRDi,2016,41000.0 KM,PETROL,MANUAL,1st, Delhi,"4,00,000"
165,Audi ,A4 ,2.0 TDI,2012,88000.0 KM,DIESEL,AUTOMATIC,1st, Visakhapatnam,"14,00,000"
166,Mah,Xylo ,2012-2014 E8 ABS Airbag BS III,2013,120000 KM,DIESEL,MANUAL,Second, Nagpur,"4,75,000"
167,Hyundai ,Elite i20 ,Asta Option Diesel,2018,70000.0 KM,DIESEL,MANUAL,1st, Rajkot,"7,25,000"
168,Maruti Suzuki ,Swift ,VXI,2021,4000.0 KM,PETROL,MANUAL,1st, Ludhiana,"6,75,000"
169,Volkswagen ,CrossPolo ,1.5 TDI,2015,56000.0 KM,DIESEL,MANUAL,2nd, Kolkata,"3,55,000"
170,Mah,Scorpio ,S11,2020,42530.0 KM,DIESEL,MANUAL,1st, Delhi,"18,95,000"
171,Ford ,Freestyle ,Titanium Plus Petrol,2018,21942 KM,PETROL,MANUAL,Second, Jaipur,"4,50,000"
172,Maruti Suzuki ,Alto ,LX,2007,"65,000 KM",PETROL,MANUAL,3rd, Gurgaon,"50,000"
173,Maruti Suzuki ,Eeco ,5 Seater AC,2017,55848.0 KM,PETROL,MANUAL,--, Hyderabad,"3,75,000"
174,BMW ,3 Series ,2005-2011 320d Highline,2008,99000.0 KM,DIESEL,AUTOMATIC,2nd, Hyderabad,"6,99,000"
175,Maruti Suzuki ,Alto K10 ,VXI,2012,46252.0 KM,PETROL,MANUAL,1st, Bengaluru,"2,90,000"
176,Hyundai ,i10 ,1.2 Kappa Magna,2008,79000.0 KM,PETROL,MANUAL,2nd, Visakhapatnam,"2,10,000"
177,Hyundai ,Fluidic Verna ,1.6 VTVT S,2017,37000.0 KM,PETROL,MANUAL,1st, Kolhapur,"8,00,000"
178,-,-,-,-,-,-,-,-,-,-
179,Maruti Suzuki ,Ertiga ,2012-2015 VDI,2014,37400.0 KM,DIESEL,MANUAL,1st, Coimbatore,"7,10,000"
180,Mah,Bolero ,Camper,2017,"111,500 KM",DIESEL,MANUAL,1st, Nellore,"5,45,000"
181,Ford ,Ecosport ,1.5 Ti VCT AT Titanium,2014,56000.0 KM,PETROL,AUTOMATIC,1st, Pune,"5,99,000"
182,Nissan ,Micra ,2012-2017 Diesel XL,2012,"68,000 KM",DIESEL,AUTOMATIC,1st, Allahabad,"1,80,000"
183,Hyundai ,Getz ,GLX,2007,90000 KM,PETROL,MANUAL,Third, Mumbai,"75,000"
184,Hyundai ,Verna ,2006-2009 Xi (Petrol),2008,68000.0 KM,PETROL,MANUAL,1st, Pune,"1,95,000"
185,Maruti Suzuki ,Baleno ,Zeta Automatic,2017,13400.0 KM,PETROL,AUTOMATIC,1st, Thane,"6,49,000"
186,Maruti Suzuki ,Ritz ,VDi,2009,115000.0 KM,DIESEL,MANUAL,2nd, Kochi,"2,35,000"
187,Mercedes-Benz ,New C-Class ,C 220 CDI Avantgarde,2018,6500.0 KM,DIESEL,AUTOMATIC,1st, Mumbai,"37,90,000"
188,Maruti Suzuki ,Swift Dzire ,VDI,2009,61000.0 KM,DIESEL,MANUAL,2nd, Mumbai,"2,47,000"
189,BMW ,3 Series ,2011-2015 320d Luxury Line,2012,86421.0 KM,DIESEL,AUTOMATIC,1st, Vadodara,"11,75,000"
190,Honda ,Amaze ,1.2 SMT I VTEC,2016,19000.0 KM,PETROL,MANUAL,1st, Kolkata,"3,65,000"
191,Maruti Suzuki ,Alto ,LXi,2009,12879.0 KM,PETROL,MANUAL,2nd, Mumbai,"1,05,000"
192,Maruti Suzuki ,Swift ,VXI,2007,950000.0 KM,PETROL,MANUAL,1st, Kolkata,"1,40,000"
193,Maruti Suzuki ,Eeco ,7 Seater Standard,2017,"35,000 KM",PETROL,MANUAL,1st, Dapoli,"4,10,000"
194,Maruti Suzuki ,Swift ,2011-2014 ZDi,2013,"105,000 KM",DIESEL,MANUAL,2nd, Gudiyatham,"4,99,999"
195,Toyota ,Innova ,2.5 V 7 STR,2011,156000.0 KM,DIESEL,MANUAL,1st, Coimbatore,"10,50,000"
196,Honda ,Mobilio ,V i-DTEC,2015,68000.0 KM,DIESEL,MANUAL,1st, Chennai,"5,70,000"
197,Maruti Suzuki ,Swift ,VXi + Manual,2014,90000 KM,CNG,MANUAL,First, Mumbai,"4,05,000"
198,Hyundai ,Creta ,1.6 SX Plus,2017,10600.0 KM,PETROL,MANUAL,1st, Kolkata,"9,49,999"
199,Maruti Suzuki ,Ritz ,2009-2011 VDi ABS,2009,78000.0 KM,DIESEL,MANUAL,2nd, Kozhikode,"2,45,000"
200,Hyundai ,Elite i20 ,Sportz 1.2,2016,32000.0 KM,PETROL,MANUAL,1st, Kolkata,"5,00,000"
201,Maruti Suzuki ,Alto 800 ,LXI,2007,"118,000 KM",PETROL,MANUAL,4th, Mysuru,"1,50,000"
202,Hyundai ,i10 ,1.2 Kappa Magna,2010,75000.0 KM,PETROL,MANUAL,1st, Ahmedabad,"2,30,000"
203,Toyota ,Etios ,2014-2016 GD,2015,90000.0 KM,DIESEL,MANUAL,2nd, Visakhapatnam,"5,30,000"
204,BMW ,5 Series ,530i Sedan,2017,22000.0 KM,PETROL,AUTOMATIC,1st, Mumbai,"43,75,000"
205,Land Rover ,Range Rover ,Others,2018,3400.0 KM,--,AUTOMATIC,1st, Kochi,"60,00,000"
206,Hyundai ,i20 ,2009-2011 Magna 1.4 CRDi,2011,76523.0 KM,DIESEL,MANUAL,1st, Vadodara,"2,75,000"
207,Mercedes-Benz ,GLE Class ,350d,2015,49000.0 KM,DIESEL,AUTOMATIC,1st, Thane,"42,50,000"
208,Maruti Suzuki ,Baleno ,1.2 Delta,2015,54000.0 KM,PETROL,MANUAL,2nd, Kottayam,"5,32,000"
209,Mah,Scorpio ,2006-2009 SLX 2.6 Turbo 7 Str,2008,125521 KM,DIESEL,MANUAL,First, Mumbai,"2,70,000"
210,Maruti Suzuki ,Ciaz ,Smart Hybrid Alpha,2020,"4,000 KM",PETROL,MANUAL,1st, Ranchi,"36,000"
211,Maruti Suzuki ,Alto K10 ,VXI,2011,48000.0 KM,PETROL,MANUAL,1st, Delhi,"1,65,000"
212,Maruti Suzuki ,Swift ,VDI BS IV,2012,110000.0 KM,DIESEL,MANUAL,2nd, Kochi,"3,50,000"
213,Maruti Suzuki ,Alto 800 ,,2013,35000.0 KM,PETROL,MANUAL,1st, Visakhapatnam,"2,60,000"
214,Maruti Suzuki ,Swift Dzire ,ZDI,2018,62000.0 KM,DIESEL,MANUAL,1st, Madurai,"7,90,000"
215,Chevrolet ,Spark ,1.0 BS3,2009,80000.0 KM,PETROL,MANUAL,3rd, Pudukkottai,"1,10,000"
216,Maruti Suzuki ,Alto 800 ,LXI,2013,70000.0 KM,PETROL,MANUAL,--, Thiruvananthapuram,"2,20,000"
217,Tata ,Others ,,2020,"3,000 KM",ELECTRIC,MANUAL,1st, Howraghat,"75,000"
218,Maruti Suzuki ,Swift ,2004-2010 1.3 VXi,2007,94413 KM,PETROL,MANUAL,Third, Ghaziabad,"1,15,000"
219,Mercedes-Benz ,E-Class ,E 200 CGI Avantgarde,2012,60212 KM,PETROL,AUTOMATIC,Second, Mumbai,"11,00,000"
220,Tata ,Nexon ,1.2 Revotron XZ Plus,2018,16231.0 KM,PETROL,MANUAL,1st, Bengaluru,"8,99,000"
221,Toyota ,Camry ,2002-2011 W2 (AT),2007,55.0 KM,PETROL,AUTOMATIC,--, Kochi,"30,000"
222,Maruti Suzuki ,Baleno ,1.2 Alpha,2019,20277.0 KM,PETROL,MANUAL,1st, Delhi,"7,30,800"
223,Maruti Suzuki ,Swift Dzire ,ZDI,2010,"208,000 KM",DIESEL,MANUAL,2nd, Paonta Sahib,"2,40,000"
224,Hyundai ,Creta ,1.4 CRDi S Plus,2018,21000.0 KM,DIESEL,MANUAL,1st, Chennai,"9,75,000"
225,Ford ,Ecosport ,1.5 Ti VCT MT Titanium,2016,27498.0 KM,PETROL,MANUAL,1st, Mumbai,"6,60,000"
226,Honda ,City ,2014-2015 i VTEC SV,2016,56811.0 KM,PETROL,MANUAL,1st, Mumbai,"6,65,000"
227,Renault ,Triber ,RXZ,2020,11011.0 KM,PETROL,MANUAL,1st, Mumbai,"6,80,000"
228,Hyundai ,Santro X,GLS,2010,87000 KM,PETROL/COMPRESSED NATURAL GAS,MANUAL,Second, Delhi,"1,69,000"
229,Mah,Xylo ,2009-2011 E4,2011,126000.0 KM,DIESEL,MANUAL,1st, Ahmedabad,"2,50,000"
230,Honda ,Amaze ,2013-2016 EX i-Vtech,2016,41000.0 KM,CNG & HYBRIDS,MANUAL,1st, Delhi,"4,75,000"
231,Hyundai ,Fluidic Verna ,1.6 CRDi S(O),2012,52000.0 KM,DIESEL,MANUAL,1st, Kolkata,"3,25,000"
232,Maruti Suzuki ,Wagon R ,2006-2010 VXI Minor,2008,115000.0 KM,PETROL,MANUAL,2nd, Jodhpur,"1,35,000"
233,Hyundai ,i20 ,2009-2011 Magna,2010,59027 KM,PETROL,MANUAL,Third, Delhi,"2,25,000"
234,Skoda ,Octavia ,2013-2017 Ambition Plus 2.0 TDI AT,2015,57000.0 KM,DIESEL,MANUAL,2nd, Rajkot,"7,50,000"
235,Maruti Suzuki ,Swift Dzire ,VDI,2011,70999.0 KM,DIESEL,MANUAL,1st, Mumbai,"3,55,000"
236,Skoda ,Rapid ,1.6 MPI Style,2019,8095.0 KM,PETROL,MANUAL,1st, Mumbai,"8,90,000"
237,-,-,-,-,-,-,-,-,-,-
238,Hyundai ,Accent ,Executive CNG,2011,72000.0 KM,CNG & HYBRIDS,MANUAL,1st, Faridabad,"1,75,000"
239,Maruti Suzuki ,Zen Estilo ,VXI BSIII,2007,89656.0 KM,PETROL,MANUAL,--, Ambala,"44,900"
240,Honda ,Brio ,2011-2013 S MT,2012,90000 KM,PETROL,MANUAL,Second, Pune,"2,70,000"
241,Honda ,City ,2008-2011 1.5 S MT,2011,53800.0 KM,PETROL,MANUAL,1st, Kolkata,"2,19,000"
242,Honda ,Amaze ,2013-2016 E i-Dtech,2013,65275.0 KM,DIESEL,MANUAL,2nd, Ambala,"3,05,000"
243,Honda ,Jazz ,,2016,61000.0 KM,DIESEL,MANUAL,1st, Nagpur,"5,75,000"
244,Honda ,City ,i-VTEC CVT V,2019,2415.0 KM,PETROL,AUTOMATIC,1st, Mumbai,"11,50,000"
245,Maruti Suzuki ,SX4 ,2007-2012 ZDI,2012,565.0 KM,PETROL,AUTOMATIC,2nd, Kochi,"15,000"
246,-,-,-,-,-,-,-,-,-,-
247,Maruti Suzuki ,Wagon R ,2010-2012 LXI Minor,2010,79165 KM,PETROL,MANUAL,First, Delhi,"1,15,000"
248,Mah,XUV500 ,2011-2015 W8 2WD,2012,79000.0 KM,DIESEL,MANUAL,2nd, Jaipur,"5,50,000"
249,Hyundai ,i20 Active ,SX Petrol,2015,40000.0 KM,PETROL,MANUAL,2nd, Kodur,"4,92,000"
250,Maruti Suzuki ,Baleno ,1.2 Delta,2021,"20,000 KM",PETROL,MANUAL,1st, Haldwani,"7,00,000"
251,Maruti Suzuki ,Swift ,LXI,2010,24000.0 KM,PETROL,MANUAL,1st, Delhi,"2,35,000"
252,Mitsubishi ,Pajero Sport ,4X2 Automatic,2015,57000.0 KM,DIESEL,AUTOMATIC,1st, Delhi,"14,00,000"
253,-,-,-,-,-,-,-,-,-,-
254,-,-,-,-,-,-,-,-,-,-
255,Mah,XUV500 ,W8 2WD,2012,87870.0 KM,DIESEL,MANUAL,1st, Chandigarh,"5,89,000"
256,Volkswagen ,Polo ,2009-2013 Diesel Highline 1.2L,2010,120000 KM,DIESEL,MANUAL,Second, Nagpur,"2,15,000"
257,Honda ,Accord ,2.0 AT,2010,59000.0 KM,PETROL,AUTOMATIC,2nd, Delhi,"3,65,000"
258,Land Rover ,Range Rover Evoque ,HSE Dynamic,2013,100000.0 KM,DIESEL,AUTOMATIC,1st, Mumbai,"21,00,000"
259,Maruti Suzuki ,Wagon R ,2006-2010 LXI Minor,2009,90000 KM,PETROL,MANUAL,First, Kochi,"1,65,000"
260,Jeep ,Compass ,2.0 Sport,2018,31000.0 KM,DIESEL,MANUAL,1st, Thiruvananthapuram,"15,00,000"
261,Maruti Suzuki ,Ertiga ,VXI,2017,12845.0 KM,PETROL,MANUAL,1st, Kozhikode,"7,05,000"
262,Maruti Suzuki ,Ritz ,VXi,2012,48000.0 KM,PETROL,MANUAL,2nd, Kolkata,"1,95,000"
263,Hyundai ,Elite i20 ,Asta 1.2 (O),2016,8000.0 KM,DIESEL,MANUAL,2nd, Surat,"6,11,000"
264,Toyota ,Innova ,2.5 V 8 STR,2015,140000.0 KM,DIESEL,MANUAL,1st, Kolhapur,"12,00,000"
265,Ford ,Ecosport ,Ford Thunder Edition Petrol,2019,"28,337 KM",PETROL,MANUAL,1st, Delhi,"8,70,000"
266,Toyota ,Innova Crysta ,2.8 GX AT,2016,71000.0 KM,DIESEL,AUTOMATIC,2nd, Chennai,"15,20,000"
267,Mah,XUV500 ,W8 2WD,2013,65000.0 KM,DIESEL,MANUAL,1st, Delhi,"5,85,000"
268,Mah,XUV500 ,W10 2WD,2016,136000.0 KM,DIESEL,MANUAL,1st, Visakhapatnam,"10,50,000"
269,Maruti Suzuki ,Omni ,Cargo BS-III,2016,52000.0 KM,PETROL,MANUAL,1st, Tiruppur,"2,60,000"
270,Hyundai ,Fluidic Verna ,1.6 CRDi SX,2014,76000.0 KM,DIESEL,MANUAL,2nd, Chennai,"5,50,000"
271,-,-,-,-,-,-,-,-,-,-
272,Maruti Suzuki ,Swift Dzire ,VDI,2011,28000.0 KM,DIESEL,MANUAL,1st, Mumbai,"3,70,000"
273,Hyundai ,Verna ,CRDi 1.6 AT SX Plus,2017,38220 KM,DIESEL,MANUAL,First, Delhi,"10,45,000"
274,Volkswagen ,Polo ,2013-2015 1.5 TDI Highline,2015,75000.0 KM,DIESEL,MANUAL,1st, Thrissur,"5,25,000"
275,Volkswagen ,Polo ,1.2 MPI Trendline,2011,47000.0 KM,PETROL,MANUAL,1st, Ahmedabad,"3,15,000"
276,Hyundai ,Santro X,XO,2007,95000.0 KM,PETROL,MANUAL,--, Vengola,"1,05,000"
277,Maruti Suzuki ,Ciaz ,2014-2017 VDi Plus SHVS,2017,50000.0 KM,DIESEL,MANUAL,1st, Mumbai,"6,99,000"
278,Renault ,KWID ,RXT,2019,21200.0 KM,PETROL,MANUAL,1st, Bengaluru,"4,14,000"
279,Mercedes-Benz ,GL-Class ,350 CDI Blue Efficiency,2014,71100.0 KM,DIESEL,AUTOMATIC,1st, Chandigarh,"38,85,000"
280,-,-,-,-,-,-,-,-,-,-
281,Hyundai ,EON ,D-Lite +,2012,129000.0 KM,PETROL,MANUAL,--, Thiruvananthapuram,"1,60,000"
282,Other Brands ,Others ,,2012,10000.0 KM,PETROL,MANUAL,1st, Kochi,"6,00,000"
283,Maruti Suzuki ,Alto ,LXi,2007,18000.0 KM,PETROL,MANUAL,1st, Ahmedabad,"1,61,000"
284,Mah,TUV 300 ,T8,2016,87000.0 KM,DIESEL,MANUAL,1st, Visakhapatnam,"6,70,000"
285,Chevrolet ,Tavera Neo ,Others,2015,"237,000 KM",DIESEL,MANUAL,1st, Sagar,"6,00,000"
286,Renault ,Duster ,85PS Diesel RxZ,2015,71411.0 KM,DIESEL,MANUAL,1st, Chandigarh,"5,22,000"
287,Hyundai ,Santro X,XL eRLX Euro II,2006,80000.0 KM,PETROL,MANUAL,2nd, Chandigarh,"87,000"
288,Hyundai ,Xcent ,1.2 VTVT E Plus,2020,50000 KM,CNG,MANUAL,First, Mumbai,"5,85,000"
289,Maruti Suzuki ,Wagon R ,VXI,2008,110000.0 KM,PETROL,MANUAL,3rd, Perumbavoor,"1,63,000"
290,-,-,-,-,-,-,-,-,-,-
291,Hyundai ,i20 ,1.2 Spotz,2010,82000.0 KM,PETROL,MANUAL,2nd, Amritsar,"3,00,000"
292,Nissan ,Sunny ,XV,2013,30000.0 KM,PETROL,MANUAL,1st, Kolkata,"3,00,000"
293,Maruti Suzuki ,Swift Dzire ,VDI,2012,70120.0 KM,DIESEL,MANUAL,1st, Surat,"3,74,000"
294,Maruti Suzuki ,Eeco ,5 STR WITH A/C+HTR,2018,41000.0 KM,PETROL,MANUAL,1st, Shivamogga,"4,50,000"
295,Honda ,City ,2014-2015 i VTEC SV,2015,21000.0 KM,PETROL,MANUAL,2nd, Mumbai,"5,95,000"
296,Chevrolet ,Sail U-VA ,1.3 LS ABS,2016,12000.0 KM,PETROL,MANUAL,1st, Bengaluru,"3,65,000"
297,Hyundai ,i10 ,Era,2012,35000.0 KM,PETROL,MANUAL,1st, Mumbai,"2,42,000"
298,Hyundai ,Verna ,2006-2009 CRDi SX ABS,2008,59800.0 KM,DIESEL,MANUAL,1st, Kolkata,"1,55,000"
299,Volkswagen ,Polo ,1.2 MPI Trendline,2011,67000.0 KM,PETROL,MANUAL,2nd, Gurgaon,"2,30,000"
300,Ford ,Ecosport ,1.5 Diesel Titanium Plus,2015,33000.0 KM,DIESEL,MANUAL,1st, Ahmedabad,"5,21,000"
301,Toyota ,Fortuner ,3.0 Limited Edition,2009,160000 KM,DIESEL,MANUAL,Second, Navi Mumbai,"8,50,000"
302,Ford ,Fiesta Classic ,1.6 SXI Duratec,2009,27000.0 KM,PETROL,MANUAL,2nd, Pune,"2,25,000"
303,Maruti Suzuki ,Baleno ,1.2 CVT Alpha,2018,39000.0 KM,PETROL,AUTOMATIC,1st, Ghaziabad,"7,50,001"
304,Volkswagen ,Passat ,2010-2014 Diesel Highline 2.0 TDI,2012,177064 KM,DIESEL,AUTOMATIC,Second, Mumbai,"4,75,000"
305,Mah,Bolero ,2001-2010 SLX 2WD BSII,2009,204996 KM,DIESEL,MANUAL,Second, Coimbatore,"5,50,000"
306,Maruti Suzuki ,Wagon R ,VXI,2016,80000.0 KM,PETROL,MANUAL,--, Thiruvananthapuram,"3,75,000"
307,Toyota ,Innova ,2.5 GX 7 STR BS-III,2007,"140,000 KM",DIESEL,MANUAL,2nd, Hyderabad,"5,00,000"
308,Toyota ,Fortuner ,2.8 2WD AT,2012,130000.0 KM,DIESEL,AUTOMATIC,1st, Nashik,"14,11,000"
309,Maruti Suzuki ,Swift Dzire ,LDI Optional,2013,64000.0 KM,DIESEL,MANUAL,1st, Delhi,"2,40,000"
310,Maruti Suzuki ,Eeco ,5 STR With AC Plus HTR CNG,2018,38400.0 KM,CNG & HYBRIDS,MANUAL,1st, Delhi,"4,00,000"
311,Chevrolet ,Cruze ,2012 LTZ AT,2012,50000.0 KM,DIESEL,AUTOMATIC,1st, Thane,"5,00,000"
312,Tata ,Others ,,2011,"90,000 KM",DIESEL,MANUAL,3rd, Kota,"3,50,000"
313,Honda ,City ZX ,VTEC,2008,126000.0 KM,PETROL,MANUAL,2nd, Coimbatore,"3,15,000"
314,Maruti Suzuki ,Alto 800 ,LXI,2016,23000.0 KM,PETROL,MANUAL,1st, Kozhikode,"2,85,000"
315,Renault ,Duster ,85PS Diesel RxE,2013,87000.0 KM,DIESEL,MANUAL,1st, Dehradun,"3,50,000"
316,Maruti Suzuki ,800 ,Others,2017,"6,000 KM",PETROL,AUTOMATIC,1st, Tinsukia,"3,00,000"
317,Maruti Suzuki ,Swift ,2004-2010 Vdi BSIII,2009,"132,000 KM",DIESEL,MANUAL,2nd, Guwahati,"2,20,000"
318,Maruti Suzuki ,Wagon R 1.0 ,LXi CNG,2013,62000.0 KM,CNG & HYBRIDS,MANUAL,1st, Ghaziabad,"3,00,000"
319,Maruti Suzuki ,800 ,AC,1998,"35,400 KM",PETROL,AUTOMATIC,2nd, Nashik,"40,000"
320,Isuzu ,MU-X ,2WD,2017,24459.0 KM,DIESEL,AUTOMATIC,1st, Mumbai,"18,75,000"
321,Hyundai ,EON ,Sportz,2011,70000.0 KM,PETROL,MANUAL,2nd, Visakhapatnam,"2,30,000"
322,Maruti Suzuki ,S Cross ,Delta DDiS 200 SH,2016,70000.0 KM,DIESEL,MANUAL,1st, Gandhinagar,"5,95,000"
323,Honda ,Accord ,2.4 Manual,2012,67000.0 KM,PETROL,MANUAL,2nd, Delhi,"5,85,000"
324,Tata ,Aria ,2010-2013 Pleasure 4x2,2012,99492.0 KM,DIESEL,MANUAL,2nd, Mumbai,"2,84,000"
325,Volvo ,V40 ,D3,2016,35000.0 KM,DIESEL,AUTOMATIC,1st, Gurgaon,"17,45,000"
326,Hyundai ,i10 ,Magna,2011,20000.0 KM,PETROL,--,2nd, Delhi,"2,10,000"
327,Maruti Suzuki ,Swift Dzire ,LDI,2013,68000.0 KM,DIESEL,MANUAL,2nd, Krishnanagar,"3,80,000"
328,Maruti Suzuki ,Swift Dzire ,VDI Optional,2017,119000.0 KM,DIESEL,MANUAL,1st, Visakhapatnam,"6,70,000"
329,Honda ,City ,2008-2011 1.5 S MT,2010,53698.0 KM,PETROL,MANUAL,2nd, Kolkata,"1,99,000"
330,Mah,XUV500 ,W11,2019,23000.0 KM,DIESEL,MANUAL,1st, Chennai,"17,50,000"
331,Renault ,Duster ,2012-2015 85PS Diesel RxL,2013,124000.0 KM,DIESEL,MANUAL,1st, Chandigarh,"4,65,000"
332,-,-,-,-,-,-,-,-,-,-
333,Maruti Suzuki ,Alto K10 ,VXI,2018,8697 KM,PETROL,MANUAL,First, Bengaluru,"3,20,000"
334,Honda ,Amaze ,SX i VTEC,2016,38000.0 KM,PETROL,MANUAL,1st, Kolkata,"3,55,000"
335,Hyundai ,i10 ,Era,2012,35000.0 KM,PETROL,MANUAL,1st, Mumbai,"2,45,000"
336,Mercedes-Benz ,New C-Class ,C 220d Avantgarde Edition C,2017,18000.0 KM,DIESEL,AUTOMATIC,1st, Kolkata,"27,25,000"
337,Hyundai ,Grand i10 ,Magna 1.2 Kappa VTVT,2013,999999 KM,DIESEL,MANUAL,Second, Gurgaon,"3,25,000"
338,Hyundai ,Verna ,2011-2014 1.6 SX,2014,78283 KM,DIESEL,MANUAL,First, Delhi,"4,50,000"
339,Maruti Suzuki ,Baleno ,1.2 Delta,2019,39291.0 KM,PETROL,MANUAL,1st, Greater Noida,"6,13,600"
340,Hyundai ,Elite i20 ,Sportz 1.2,2018,17000.0 KM,PETROL,MANUAL,1st, Mumbai,"6,49,000"
341,Maruti Suzuki ,Alto ,,2002,85000.0 KM,PETROL,MANUAL,2nd, Chennai,"69,000"
342,Honda ,Accord ,2.4 Automatic,2008,86000.0 KM,PETROL,AUTOMATIC,1st, Kolkata,"3,20,000"
343,Hyundai ,i20 ,2010-2012 1.2 Sportz,2011,89390 KM,PETROL,MANUAL,First, Pune,"3,50,000"
344,Hyundai ,Xcent ,1.2 CRDi S,2015,85000.0 KM,DIESEL,MANUAL,1st, Noida,"2,95,000"
345,Toyota ,Etios ,2014-2016 GD,2014,146000.0 KM,DIESEL,MANUAL,2nd, Visakhapatnam,"4,70,000"
346,-,-,-,-,-,-,-,-,-,-
347,Honda ,City ZX ,EXi,2004,87000.0 KM,PETROL,MANUAL,3rd, Bengaluru,"1,18,000"
348,Honda ,WR-V ,i-DTEC VX,2019,34500.0 KM,DIESEL,MANUAL,1st, Bengaluru,"9,50,000"
349,Tata ,Others ,,2017,"55,000 KM",DIESEL,MANUAL,2nd, Namsai,"55,000"
350,Mah,Bolero ,ZLX,2014,89000.0 KM,DIESEL,MANUAL,2nd, Chennai,"5,95,000"
351,Mercedes-Benz ,CLA ,Others,2018,18000.0 KM,DIESEL,AUTOMATIC,1st, Delhi,"28,00,000"
352,Hyundai ,i20 ,Magna Plus,2010,81000.0 KM,PETROL,MANUAL,2nd, Ghaziabad,"2,54,999"
353,Toyota ,Fortuner ,2.7 2WD AT,2017,46000.0 KM,PETROL,AUTOMATIC,2nd, Delhi,"25,00,000"
354,Ford ,Figo ,1.2P Trend MT,2010,78000.0 KM,PETROL,MANUAL,1st, Bengaluru,"2,60,000"
355,Ford ,Figo ,1.5D Titanium Opt MT,2012,60000.0 KM,DIESEL,MANUAL,1st, Dehradun,"2,20,000"
356,Hyundai ,Accent ,CRDi,2016,"136,000 KM",DIESEL,MANUAL,1st, Thane,"1,70,000"
357,Hyundai ,Creta ,1.6 VTVT S,2016,46393.0 KM,PETROL,MANUAL,1st, Gurgaon,"8,07,600"
358,Hyundai ,Grand i10 ,2016-2017 Asta Option AT,2016,30000 KM,PETROL,MANUAL,First, Patna,"4,20,000"
359,Hyundai ,Grand i10 ,1.2 Kappa Sportz,2016,65000.0 KM,CNG & HYBRIDS,MANUAL,1st, Delhi,"4,25,000"
360,-,-,-,-,-,-,-,-,-,-
361,Maruti Suzuki ,Zen Estilo ,1.1 VXI BSIII,2007,99996.0 KM,PETROL,MANUAL,--, Mumbai,"99,500"
362,Maruti Suzuki ,Swift ,ZXI Plus,2018,30387.0 KM,PETROL,MANUAL,1st, Bengaluru,"7,75,000"
363,Honda ,City ,i-VTEC S,2014,65000.0 KM,PETROL,MANUAL,1st, Delhi,"5,59,000"
364,Hyundai ,Creta ,Others,2015,71230.0 KM,DIESEL,MANUAL,1st, Ahmedabad,"9,75,000"
365,Mah,Scorpio ,2002-2013 VLS 2.2 mHawk,2011,96000.0 KM,DIESEL,MANUAL,2nd, Ahmedabad,"3,75,000"
366,Volkswagen ,Polo ,1.0 MPI Trendline,2011,60000.0 KM,PETROL,MANUAL,1st, Delhi,"2,60,000"
367,Honda ,City ,2008-2011 1.5 V AT,2011,48000.0 KM,PETROL,AUTOMATIC,1st, Kolkata,"3,35,000"
368,-,-,-,-,-,-,-,-,-,-
369,Toyota ,Innova Crysta ,2.8 Z,2016,38000.0 KM,DIESEL,MANUAL,1st, Kolkata,"16,25,000"
370,Hyundai ,Grand i10 ,1.2 Kappa Era,2008,64000.0 KM,PETROL,MANUAL,3rd, Bengaluru,"2,15,000"
371,Honda ,Civic ,1.8 S MT,2007,49108.0 KM,PETROL,AUTOMATIC,2nd, Mumbai,"1,99,000"
372,Maruti Suzuki ,Vitara Brezza ,VDi,2016,40.0 KM,DIESEL,MANUAL,2nd, Gurgaon,"6,00,000"
373,Mah,Bolero ,2001-2010 SLX 2WD,2001,163522 KM,DIESEL,MANUAL,4+, Ambattur,"2,10,000"
374,Maruti Suzuki ,Celerio ,VXI AMT,2016,38000.0 KM,PETROL,MANUAL,1st, Kannur,"4,40,000"
375,Chevrolet ,Beat ,2014-2016 LT,2014,54000.0 KM,PETROL,MANUAL,2nd, Coimbatore,"2,63,000"
376,Hyundai ,Verna ,CRDi 1.6 SX,2012,92000.0 KM,DIESEL,MANUAL,2nd, Visakhapatnam,"4,80,000"
377,BMW ,X3 ,2011-2013 xDrive20d,2012,89000.0 KM,DIESEL,AUTOMATIC,1st, Jaipur,"15,25,000"
378,Maruti Suzuki ,Swift ,VVT VXI,2005,130000.0 KM,PETROL,MANUAL,2nd, Coimbatore,"2,10,000"
379,Maruti Suzuki ,Swift Dzire ,VXI,2008,69000.0 KM,PETROL,MANUAL,1st, Kolkata,"2,00,000"
380,Honda ,City ,2014-2015 i DTEC E,2014,65618 KM,DIESEL,MANUAL,First, Delhi,"5,50,000"
381,Maruti Suzuki ,Omni ,5 Seater,2011,100000.0 KM,PETROL,MANUAL,2nd, Kochi,"1,40,000"
382,Jaguar ,XF ,3.0 Litre S Premium Luxury,2014,28570 KM,DIESEL,AUTOMATIC,Second, Pune,"26,50,000"
383,Ford ,Ecosport ,1.5 Diesel Ambiente,2013,113000.0 KM,DIESEL,MANUAL,1st, Thane,"4,85,000"
384,Toyota ,Etios Liva ,1.4 VD,2018,73000.0 KM,DIESEL,MANUAL,1st, Coimbatore,"7,60,000"
385,Maruti Suzuki ,Swift Dzire ,VXI,2014,51000.0 KM,PETROL,MANUAL,1st, Chennai,"4,70,000"
386,Maruti Suzuki ,Wagon R ,VXI AMT Opt 1.2,2018,44000.0 KM,PETROL,MANUAL,1st, Chennai,"4,25,000"
387,Hyundai ,i20 ,1.2 Magna Executive,2012,59000.0 KM,PETROL,MANUAL,2nd, Mumbai,"3,25,000"
388,Renault ,Duster ,Petrol RXS,2018,16400.0 KM,PETROL,MANUAL,1st, Bengaluru,"9,30,000"
389,Ford ,Ecosport ,1.5 Diesel Trend,2016,90000.0 KM,DIESEL,MANUAL,3rd, Tiruppur,"5,40,000"
390,Hyundai ,EON ,Era Plus Option,2017,59000.0 KM,PETROL,MANUAL,1st, Visakhapatnam,"3,10,000"
391,Ford ,Figo ,1.5D Titanium Opt MT,2013,"84,000 KM",DIESEL,MANUAL,1st, Kundapura,"2,50,000"
392,Honda ,City ZX ,GXi,2007,79904.0 KM,PETROL,AUTOMATIC,1st, Mumbai,"1,95,000"
393,Maruti Suzuki ,Ritz ,VDI (ABS) BS IV,2013,"82,000 KM",DIESEL,MANUAL,1st, Bhiwani,"2,85,000"
394,Tata ,Sumo Victa ,Victa DI EX BSIII,2007,81000.0 KM,DIESEL,MANUAL,2nd, Chennai,"1,90,000"
395,Kia ,Seltos ,HTX Plus AT D,2019,25000.0 KM,DIESEL,AUTOMATIC,1st, Ahmedabad,"13,50,000"
396,Maruti Suzuki ,Swift ,2011-2014 ZXI,2014,45000.0 KM,PETROL,MANUAL,1st, Gurgaon,"4,40,000"
397,Maruti Suzuki ,Eeco ,5 Seater Standard,2018,"38,000 KM",PETROL,MANUAL,2nd, Kozhikode,"4,00,000"
398,Maruti Suzuki ,Alto K10 ,VXI,2016,50000 KM,PETROL,MANUAL,First, Dehradun,"3,15,000"
399,Chevrolet ,Beat ,2010-2013 LT,2012,60000.0 KM,DIESEL,MANUAL,2nd, Hyderabad,"2,28,000"
400,Maruti Suzuki ,Swift Dzire ,VDI,2017,42000.0 KM,DIESEL,MANUAL,2nd, Krishnanagar,"6,10,000"
401,Maruti Suzuki ,Wagon R ,LXI,2006,95000.0 KM,PETROL,MANUAL,2nd, Bengaluru,"1,80,000"
402,Hyundai ,Grand i10 ,,2013,90076.0 KM,DIESEL,MANUAL,--, Delhi,"2,79,000"
403,Hyundai ,i10 ,Sportz 1.2 KAPPA VTVT,2018,31000.0 KM,PETROL,MANUAL,2nd, Chennai,"4,60,000"
404,Honda ,Amaze ,1.2 SMT I VTEC,2016,"82,500 KM",CNG & HYBRIDS,MANUAL,1st, Batala,"3,95,000"
405,-,-,-,-,-,-,-,-,-,-
406,Hyundai ,Elite i20 ,Sportz 1.2,2017,35000.0 KM,PETROL,MANUAL,1st, Kolkata,"5,25,000"
407,Hyundai ,Creta ,1.6 CRDi SX Plus,2018,34000.0 KM,DIESEL,MANUAL,1st, Delhi,"12,00,000"
408,Toyota ,Innova ,2.5 V 8 STR,2010,140000 KM,DIESEL,MANUAL,Fourth, Behat,"4,00,000"
409,BMW ,3 Series GT ,320d GT Luxury Line,2016,58000.0 KM,DIESEL,AUTOMATIC,1st, Karnal,"23,99,000"
410,Toyota ,Yaris ,G CVT,2018,33506 KM,PETROL,AUTOMATIC,First, Mumbai,"8,80,000"
411,Maruti Suzuki ,Alto ,2000-2005 LXi BSII,2004,"76,000 KM",PETROL,AUTOMATIC,1st, Honnali,"1,20,000"
412,Hyundai ,Verna ,2011-2014 1.6 SX,2014,"115,000 KM",DIESEL,MANUAL,1st, Meerut,"4,50,000"
413,Maruti Suzuki ,Alto K10 ,LXI,2014,"85,000 KM",CNG & HYBRIDS,MANUAL,1st, Nava Bhildi,"2,50,000"
414,-,-,-,-,-,-,-,-,-,-
415,Hyundai ,Venue ,SX Turbo,2020,"15,000 KM",PETROL,MANUAL,1st, Auraiya,"9,90,000"
416,BMW ,5 Series ,520d Luxury Line,2015,34000.0 KM,DIESEL,AUTOMATIC,2nd, Kolkata,"21,99,000"
417,Maruti Suzuki ,Ertiga ,VXI AT Petrol,2019,18.0 KM,PETROL,AUTOMATIC,1st, Greater Noida,"9,06,800"
418,Mah,Bolero ,SLE,2011,112000.0 KM,DIESEL,MANUAL,2nd, Mangaluru,"4,20,000"
419,Toyota ,Innova ,2.5 V 8 STR,2012,60000.0 KM,DIESEL,MANUAL,2nd, Ahmedabad,"7,25,000"
420,Hyundai ,Santro X,Others,2009,40000 KM,PETROL,MANUAL,First, Dehradun,"1,45,000"
421,Maruti Suzuki ,SX4 ,VDI,2014,78000.0 KM,DIESEL,MANUAL,1st, Ghaziabad,"3,74,999"
422,Toyota ,Innova ,2.5 V 7 STR,2011,170000.0 KM,DIESEL,MANUAL,2nd, Chandigarh,"5,90,000"
423,Mercedes-Benz ,E-Class ,1993-2009 220 petrol,2004,"89,485 KM",PETROL,AUTOMATIC,3rd, Malappuram,"3,85,000"
424,Maruti Suzuki ,Alto ,LXi,2009,72000.0 KM,PETROL,MANUAL,2nd, Visakhapatnam,"1,50,000"
425,Maruti Suzuki ,Swift Dzire ,,2016,"46,110 KM",DIESEL,--,--, Kolkata,"80,670"
426,Hyundai ,Getz ,Prime 1.1 GLE,2006,90000.0 KM,PETROL,MANUAL,2nd, Pudukkottai,"1,40,000"
427,Maruti Suzuki ,Alto 800 ,LXI,2019,14500.0 KM,PETROL,MANUAL,1st, Coimbatore,"3,87,000"
428,Maruti Suzuki ,Vitara Brezza ,VDi Option,2017,"40,000 KM",DIESEL,MANUAL,1st, Poothakkulam,"9,00,000"
429,Skoda ,Rapid ,1.5 TDI Ambition,2014,49000.0 KM,DIESEL,MANUAL,1st, Chennai,"5,39,999"
430,Mah,Scorpio ,S10,2017,75000.0 KM,DIESEL,MANUAL,1st, Ghaziabad,"11,49,999"
431,Maruti Suzuki ,Wagon R 1.0 ,LXi CNG,2018,57500.0 KM,CNG & HYBRIDS,MANUAL,1st, Navi Mumbai,"4,55,000"
432,Maruti Suzuki ,Wagon R ,LXI,2007,85000.0 KM,PETROL,MANUAL,1st, Delhi,"1,10,000"
433,Honda ,Amaze ,2013-2016 SX i-DTEC,2014,79000.0 KM,DIESEL,MANUAL,2nd, Ghaziabad,"3,74,999"
434,Maruti Suzuki ,Ciaz ,1.4 AT Alpha,2017,80000.0 KM,CNG & HYBRIDS,AUTOMATIC,1st, Nashik,"8,00,000"
435,Hyundai ,Elantra ,2.0 SX Option AT,2017,19070.0 KM,DIESEL,AUTOMATIC,1st, Bengaluru,"17,75,000"
436,Maruti Suzuki ,Wagon R 1.0 ,1.0 VXi,2015,60000.0 KM,PETROL,MANUAL,1st, Guwahati,"3,80,000"
437,Hyundai ,i20 ,2009-2011 Asta,2009,100292 KM,PETROL,MANUAL,Second, Chennai,"2,59,000"
438,Maruti Suzuki ,Alto 800 ,800 Std CNG,2005,50000 KM,CNG,MANUAL,Second, Bhopal,"85,000"
439,Volkswagen ,Ameo ,1.5 TDI Highline AT,2017,35393.0 KM,DIESEL,AUTOMATIC,1st, Mumbai,"6,75,000"
440,Volkswagen ,Polo ,2009-2013 Diesel Highline 1.2L,2012,65000 KM,DIESEL,MANUAL,First, Delhi,"2,25,000"
441,Volkswagen ,Vento ,1.6 Trendline,2010,61666.0 KM,PETROL,MANUAL,1st, Nashik,"2,75,000"
442,Hyundai ,i10 ,1.2 Kappa SPORTZ,2009,106000.0 KM,PETROL,AUTOMATIC,3rd, Thiruvananthapuram,"2,50,000"
443,Mah,Logan ,1.4 GLX BSIV Petrol,2008,20000 KM,PETROL,MANUAL,Third, Nagpur,"1,20,000"
444,Honda ,Amaze ,1.2 SMT I VTEC,2014,42000.0 KM,PETROL,MANUAL,1st, Kolkata,"3,25,000"
445,Mah,XUV500 ,W10 AWD,2016,83585.0 KM,DIESEL,MANUAL,1st, Secunderabad,"9,90,000"
446,Ford ,Figo ,2012-2015 Petrol ZXI,2012,47000.0 KM,PETROL,MANUAL,1st, Kolkata,"2,15,000"
447,Maruti Suzuki ,Ritz ,VXi,2013,92000.0 KM,PETROL,MANUAL,2nd, Kochi,"3,40,000"
448,BMW ,3 Series GT ,Others,2009,"87,000 KM",DIESEL,MANUAL,2nd, Kasaragod,"7,00,000"
449,Honda ,WR-V ,i-VTEC S,2017,37000.0 KM,PETROL,MANUAL,1st, Ghaziabad,"7,10,000"
450,Mah,Xylo ,D2 BS IV,2011,"82,000 KM",DIESEL,MANUAL,1st, Palakkad,"3,30,000"
451,Maruti Suzuki ,Swift ,ZXI Plus,2018,30387.0 KM,PETROL,MANUAL,1st, Bengaluru,"7,75,000"
452,-,-,-,-,-,-,-,-,-,-
453,Maruti Suzuki ,Wagon R ,LXI CNG,2017,67000.0 KM,CNG & HYBRIDS,MANUAL,2nd, Ghaziabad,"3,75,001"
454,Honda ,City ,2015-2017 i DTec SV,2016,62000.0 KM,DIESEL,MANUAL,2nd, Pune,"6,50,000"
